item_titles,image_urls,no_reviews,item_prices
AKASO EK7000 4K30FPS Action Camera Ultra HD Underwater Camera 170 Degree Wide Angle 98FT Waterproof Camera,https://m.media-amazon.com/images/I/713JbyMKEtL._AC_UL320_.jpg,"(33,100)",117
GoPro Protective Housing (HERO11 Black/HERO10 Black/HERO9 Black) - Official GoPro Accessory,https://m.media-amazon.com/images/I/71E6hWi0P+L._AC_UL320_.jpg,"(2,815)",42
"KODAK PIXPRO WPZ2 Rugged Waterproof Digital Camera 16MP 4X Optical Zoom 2.7"" LCD Full HD Video, Blue",https://m.media-amazon.com/images/I/8196JcfYy1L._AC_UL320_.jpg,(583),149
"FitStill Double Lock Waterproof Housing for Go Pro Hero 2018/7/6/5 Black, Protective 45m Underwater Dive Case Shell with Bracket Accessories for Go Pro Hero7 Hero6 Hero5 Black Action Camera",https://m.media-amazon.com/images/I/61FFUhI3hdL._AC_UL320_.jpg,"(3,415)",17
OLYMPUS PT-059 Underwater Housing for The TG-6,https://m.media-amazon.com/images/I/812kkihlUbL._AC_UL320_.jpg,(237),276
"SeaBlaze X2 Underwater Light, Bronze, White/Blue",https://m.media-amazon.com/images/I/61oeVWUG1BL._AC_UL320_.jpg,(200),381
GoPro Protective Housing (HERO8 Black) - Official GoPro Accessory,https://m.media-amazon.com/images/I/61NMzf9fF5L._AC_UL320_.jpg,"(3,474)",49
Ricoh WG-6 Webcam Orange Waterproof Camera 20MP Higher Resolution Images 3-Inch LCD Waterproof 20m Shockproof 2.1m Underwater Mode 6-LED Ring Light for Macro Photography,https://m.media-amazon.com/images/I/91PMhe28xTL._AC_UL320_.jpg,(75),396
"Lumitec Lighting, LED Underwater Light, SeaBlaze Quattro Underwater Light",https://m.media-amazon.com/images/I/6189WIYebbL._AC_UL320_.jpg,(185),332
Minolta 48 MP Dual Screen Waterproof Digital Camera MN40WP,https://m.media-amazon.com/images/I/71c9qPG0x6S._AC_UL320_.jpg,(21),83
Minolta 48 MP Dual Screen Waterproof Digital Camera MN40WP,https://m.media-amazon.com/images/I/71ezSbCylyS._AC_UL320_.jpg,(44),91
Osmo Action Diving Accessory Kit,https://m.media-amazon.com/images/I/51uH3cqfsDL._AC_UL320_.jpg,(17),79
Minolta 48 MP Dual Screen Waterproof Digital Camera MN40WP,https://m.media-amazon.com/images/I/71K2L5AQN0S._AC_UL320_.jpg,(19),74
DJI PROSSD 1TB,https://m.media-amazon.com/images/I/5148dOmn6QL._AC_UL320_.jpg, ,799
"Underwater Waterproof Housing Case for GoPro Hero 11/GoPro Hero 10/GoPro Hero 9 Bundle, Waterproof Case+Tempered Glass Screen Protector+ Silicone Case+ Carrying Case+ Anti-Fog Inserts+ Snorkel Filters",https://m.media-amazon.com/images/I/71FSyhw54hL._AC_UL320_.jpg,(451),28
"60M Waterproof Case for GoPro Hero 11/10/9, 196FT Underwater Protective Housing Case for Hero11 Hero10 Hero9 Black, with Quick Release Mount and Thumbscrew",https://m.media-amazon.com/images/I/81ZJ2yYqKKL._AC_UL320_.jpg,(116),12
Light & Motion SOLA Nightsea Fluoro Underwater Light,https://m.media-amazon.com/images/I/61+-PACR37L._AC_UL320_.jpg,(7),442
"Kuptone Waterproof Housing Case for GoPro Hero 7/(2018) 6/5 Black, 45m Underwater Diving Protective Housing Shell with Bracket Accessories for Go Pro Hero7 Hero6 Hero5 Action Camera",https://m.media-amazon.com/images/I/61SmeCzcT8L._AC_UL320_.jpg,(669),14
"Light and Motion SOLA Video 2500 F , Black",https://m.media-amazon.com/images/I/61BQpM0r1NL._AC_UL320_.jpg,(12),245
"Accessories Kit for GoPro Hero 11/GoPro Hero 10/GoPro Hero 9, Shockproof Small Carry Bag + Waterproof Housing Case + Tempered Glass Screen Protector + Silicone Cover + Snorkel Filter Bundle",https://m.media-amazon.com/images/I/71-uR51uhRL._AC_UL320_.jpg,(129),27
"Triplett BR350 High Definition Forward and Side View Videoscope with Dual Waterproof 5mm Cameras and 5"" Color LCD Display",https://m.media-amazon.com/images/I/71seq5ulFyL._AC_UL320_.jpg, ,47
Light & Motion GoBe/SOLA Hand Strap Underwater Dive Light Accessory,https://m.media-amazon.com/images/I/618wxQVuDKL._AC_UL320_.jpg,(35),29
Light & Motion SOLA Photo 1200 Underwater Light,https://m.media-amazon.com/images/I/81-hC2Fw64L._AC_UL320_.jpg,(11),279
Light & Motion Sidekick Dive Arm Kit,https://m.media-amazon.com/images/I/51L9oVPbbhL._AC_UL320_.jpg,(41),21
Light & Motion SOLA YS Mount Kit Sola Light Accessory,https://m.media-amazon.com/images/I/61W-gi1njDL._AC_UL320_.jpg,(19),19
LensCoat® for The Canon 100-500 f/4-7.1 L is,https://m.media-amazon.com/images/I/61pMVBraysL._AC_UL320_.jpg, ,95
Diving Flashlight Dive Video Light 6000 Lumen Scuba Violet Red White lamp Underwater LED Flashlight Underwater Diving Torch Camera Light 110 Degree Wide Beam Angle 100m/330ft Diving Depth,https://m.media-amazon.com/images/I/51OJxAKfitL._AC_UL320_.jpg,(18),
GoPro Floaty Backdoor,https://m.media-amazon.com/images/I/71r1MZ8HitL._AC_UL320_.jpg,"(1,785)",24
"Bell+Howell WP20-O Splash3 20 Mega Pixels Waterproof Underwater Digital Camera with Full 1080p HD Video, 2.4"" LCD & 8X Digital Zoom, Orange",https://m.media-amazon.com/images/I/71pvgE-iQfL._AC_UL320_.jpg,(94),
Ikelite PC Light LED Yellow,https://m.media-amazon.com/images/I/31EP+sGq83L._AC_UL320_.jpg,(1),
"Emoly Waterproof Camera Float, Waterproof Float Strap for Underwater Camera and Waterproof Life Pouch Case for Waterproof Underwater Camera Camcorders Phones (2020,Blue)",https://m.media-amazon.com/images/I/51XwdSXlx4L._AC_UL320_.jpg,(228),8
Polaroid PLWPCK18-8 Dive-Rated Waterproof Camera Housing for Sony Cybershot DSC,https://m.media-amazon.com/images/I/616VsSzGv7L._AC_UL320_.jpg,(207),13
LENSCOAT for The Nikon Z 100-400mm f/4.5-5.6 VR S (lcn100400zm5),https://m.media-amazon.com/images/I/61TLMQQ2r1L._AC_UL320_.jpg, ,87
Polaroid Dive-Rated Waterproof Camera Housing - Protects Virtually Any Ultra Compact Lens Camera,https://m.media-amazon.com/images/I/419q4S9aFvL._AC_UL320_.jpg,(51),19
"Polaroid Dive Rated Waperproof Pouch For Canon, Nikon, Sony, Pentax, Olympus, Panasonic Digital SLR Cameras",https://m.media-amazon.com/images/I/61z9KSjX7pL._AC_UL320_.jpg,(21),10
"ForceProtector Gear TSS Camo Netting, Multicam",https://m.media-amazon.com/images/I/71D61HV9GBL._AC_UL320_.jpg,(3),130
Light & Motion GoBe Imaging Mount Kit Underwater Video Accessory,https://m.media-amazon.com/images/I/517R6H6FPpL._AC_UL320_.jpg,(7),27
"SVP 2.7"" Dual Screen Orange Aqua5800 Underwater Camera",https://m.media-amazon.com/images/I/61mv-U3bq6L._AC_UL320_.jpg,(248),63
"Ikelite UR/Pro Blue Water Color Correction Filter for 3.6"" Diameter Port",https://m.media-amazon.com/images/I/71gCLlKRq2L._AC_UL320_.jpg, ,69
LensCoat® for The Canon 100-500 f/4-7.1 L is,https://m.media-amazon.com/images/I/61dgYeeLuLL._AC_UL320_.jpg, ,100
SVP 20 Megapixel Digital Waterproof Camera Series (Aqua8800-orange),https://m.media-amazon.com/images/I/81WIwQ-VJBL._AC_UL320_.jpg,(40),72
Polaroid Dive Rated Waterproof Underwater Housing Case For Nikon J1 Digital Camera WITH A 10-30mm Lens,https://m.media-amazon.com/images/I/91aLcYZJJIL._AC_UL320_.jpg,(14),167
"Ikelite Underwater Housing for Sony Cyber-Shot RX100 IV Digital Camera, Clear",https://m.media-amazon.com/images/I/81PNdMPpIkL._AC_UL320_.jpg, ,549
Sony MPK-URX100A Underwater Housing - Black,https://m.media-amazon.com/images/I/717gZETiX4L._AC_UL320_.jpg,(80),"12,309"
Polaroid SLR Dive Rated Waterproof Underwater Housing Case For The Canon T2I with a 18-55mm Lens,https://m.media-amazon.com/images/I/51VfBM-T0nL._AC_UL320_.jpg,(11),360
Pro Shot Touch - Waterproof Case Compatible with iPhone Xs Max and Compatible with All GoPro Mounts (12-Month Protection Plan for Your iPhone) (Xs Max) (XS Max),https://m.media-amazon.com/images/I/41ugX2Q9N+L._AC_UL320_.jpg,(44),
Intova PX-21 Compact Slave Camera Flash,https://m.media-amazon.com/images/I/71x3NISfUdL._AC_UL320_.jpg,(3),83
Sony MPK-UWH1 Waterproof Case/Underwater Casing for Action Cam HDR-AS50 / Waterproof up to 60 m,https://m.media-amazon.com/images/I/61WuWTc5Z6L._AC_UL320_.jpg,(35),"2,441"
Olympus TG3/TG4 Underwater ULTRAcompact Camera Housing by Ikelite 6233.03,https://m.media-amazon.com/images/I/81zlGlnW99L._AC_UL320_.jpg,(4),324
Olympus Underwater Dome Lens Port PPO-EP02 (Black),https://m.media-amazon.com/images/I/91kmc0Nt3cL._AC_UL320_.jpg, ,899
Ikelite 6243.70 Underwater Housing Camera,https://m.media-amazon.com/images/I/81FInzs+hNL._AC_UL320_.jpg, ,299
Ikelite 6243.60 Underwater Housing Camera,https://m.media-amazon.com/images/I/81xXRxwaNNL._AC_UL320_.jpg, ,299
Urban Factory UGP20UF GoPro Waterproof Housing (Gray),https://m.media-amazon.com/images/I/61de6s-KhOL._AC_UL320_.jpg, ,13
"Ikelite 6170.35 Underwater Camera Housing, Clear",https://m.media-amazon.com/images/I/61J4xNXyj5L._AC_UL320_.jpg, ,474
Nikon Coolpix L30 Underwater Camera Housing by Ikelite 6280.31,https://m.media-amazon.com/images/I/71A1dOQwpgL._AC_UL320_.jpg, ,279
"MaximalPower Replacement Underwater Housing Case for GoPro Hero3, Hero3+",https://m.media-amazon.com/images/I/51N8xgLHMAL._AC_UL320_.jpg, ,18
"United Pacific 11016""Texas Edition"" Accent Emblem",https://m.media-amazon.com/images/I/511C+ATN7qL._AC_UL320_.jpg,(2),31
Ewa-Marine EM VLA Underwater Camera Case (Clear),https://m.media-amazon.com/images/I/41SXuTCk6qL._AC_UL320_.jpg,(1),62
Ikelite 6182.77 Underwater Camera Housing for Nikon Coolpix P7700 Digital Camera,https://m.media-amazon.com/images/I/51WL4r+P97L._AC_UL320_.jpg, ,651
Ikelite 6282.33 Underwater Camera Housing for Nikon Coolpix S3300 Digital Camera,https://m.media-amazon.com/images/I/41j3qGBc0QL._AC_UL320_.jpg, ,241
"Ikelite Compact Underwater Housing for Panasonic Lumix DMC-ZS20, TZ30, TZ31 or Leica V-LUX 40 Digital Camera",https://m.media-amazon.com/images/I/51zcATrNg-L._AC_UL320_.jpg, ,401
"Ikelite Underwater Camera Housing, Clear (6146.01)",https://m.media-amazon.com/images/I/517Xt9laq4L._AC_UL320_.jpg, ,727
Ewa-Marine EM VPE Underwater Camcorder Case (Clear),https://m.media-amazon.com/images/I/61yT0B0q5SL._AC_UL320_.jpg, ,47
Ewa-Marine EM VC-1M Professional Rain Cape/Hurricane Hood Glass Optical Front Port (Clear),https://m.media-amazon.com/images/I/616PDvpnrgL._AC_UL320_.jpg, ,109
"Sony MPKPHA Marine Pack for DSCP8, DSCP10, DSCP73, DSCP93, DSCP100 & DSCP150 Digital Cameras",https://m.media-amazon.com/images/I/414ZB1T9R0L._AC_UL320_.jpg,(4),
RICOH Underwater Housing TW-2 for Theta X,https://m.media-amazon.com/images/I/81158cgeWlL._AC_UL320_.jpg, ,287
"Ikelite 6146.02 Underwater Camera Housing for Canon PowerShot G1 X Mark II, Clear",https://m.media-amazon.com/images/I/815RzPRAmWL._AC_UL320_.jpg,(17),668
Sunnylife Underwater Camera | Ombre,https://m.media-amazon.com/images/I/61efQOa-U2L._AC_UL320_.jpg,(1),35
"Light & Motion Sola Video 3800, Black/Titanium",https://m.media-amazon.com/images/I/614sHjIBZsL._AC_UL320_.jpg,(3),473
Polaroid Dive Rated Waterproof Underwater Housing Case For Nikon Coolpix P7100 Digital Camera,https://m.media-amazon.com/images/I/61euab0wipL._AC_UL320_.jpg,(11),38
"Polaroid Dive Rated Waterproof Underwater Housing Case For Canon Powershot G11, G12 Digital Camera",https://m.media-amazon.com/images/I/61euab0wipL._AC_UL320_.jpg,(33),160
LensCoat® for The Canon 100-500 f/4-7.1 L is,https://m.media-amazon.com/images/I/51QMG0Xa+WL._AC_UL320_.jpg, ,84
"Veho Muvi K-Series VCC-006-K2 Handsfree Camera with Wi-Fi, 1080PAT60FPS, 100M Waterproof Case",https://m.media-amazon.com/images/I/71CDlecXkjL._AC_UL320_.jpg,(2),340
LensCoat® for The Nikon Z 100-400mm f/4.5-5.6 VR S,https://m.media-amazon.com/images/I/51xVWJYx-4L._AC_UL320_.jpg, ,87
Ewa-Marine EM D-FA Underwater Housing with Optical Glass Front Port (Clear),https://m.media-amazon.com/images/I/71mwvHCP7NL._AC_UL320_.jpg, ,129
Ewa-Marine EM C-A67 Underwater Camera Case (Clear),https://m.media-amazon.com/images/I/31lwCG1w+wL._AC_UL320_.jpg,(1),59
"Pyle PSCHD60RD Hi-Speed HD 1080P Action Camera Hi-Res Digital Camera / Camcorder with Full HD Video, 12.0 Mega Pixel Camera, 2.4-Inch Touch Screen LCD Display (Red) (Discontinued by Manufacturer)",https://m.media-amazon.com/images/I/6182lHUtusL._AC_UL320_.jpg,(132),
Lightdow Waterproof Underwater Diving LED Video Light for AKASO DBPOWER Crosstour Campark APEMAN FITFORT EKEN Sports Action Cameras,https://m.media-amazon.com/images/I/614vffcUdqL._AC_UL320_.jpg,(87),42
"HeadsUp Head Mounted Camera 1080P FHD Wearable Vlog Camera Recorder with APP Control, Hands Free Headband Streaming Camera for Live Display, Hands-Off Camera for Music and Phone Calls - Black",https://m.media-amazon.com/images/I/61ifyfWuXVL._AC_UL320_.jpg, ,79
Wohler VIS 500 Plus US with Locator,https://m.media-amazon.com/images/I/71p+FTYTV+L._AC_UL320_.jpg, ,"7,978"
Wohler VIS 500 Plus US,https://m.media-amazon.com/images/I/81aoD8sffML._AC_UL320_.jpg, ,"7,102"
"Scanstrut SPR-1U-AM ScanPod Arm Pod Uncut for Small Screens, Switches and Controllers",https://m.media-amazon.com/images/I/31iswhbfTML._AC_UL320_.jpg, ,277
Dive/Impact Housing for GoPro Hero 7/6/5 Black,https://m.media-amazon.com/images/I/41zPN1Vr+jL._AC_UL320_.jpg,(3),23
"Outtek 6'' Dome Port Lens for Gopro Hero 5, Shoot Waterproof Diving Housing with Transparent Lens Cover + Handheld Floating Bar for Underwater Photography – Black",https://m.media-amazon.com/images/I/61YoRN2Nf-L._AC_UL320_.jpg,(9),55
Ewa-Marine EM CD-5 Underwater Camera Case (Clear),https://m.media-amazon.com/images/I/41Dx-2R9yUL._AC_UL320_.jpg,(1),18
"LENSCOAT for The Nikon Z 100-400mm f/4.5-5.6 VR S, Digital Camo (lcn100400zdc)",https://m.media-amazon.com/images/I/61WqY0gs-OL._AC_UL320_.jpg, ,95
LensCoat® for The Nikon Z 100-400mm f/4.5-5.6 VR S,https://m.media-amazon.com/images/I/51rjKAuJbvL._AC_UL320_.jpg, ,98
LensCoat® for The Nikon Z 70-200mm f/2.8 VR S,https://m.media-amazon.com/images/I/61GWT1eqoSL._AC_UL320_.jpg, ,98
LensCoat® for The Nikon Z 70-200mm f/2.8 VR S,https://m.media-amazon.com/images/I/51agW6ZxMiL._AC_UL320_.jpg, ,87
LensCoat® for The Nikon Z 70-200mm f/2.8 VR S,https://m.media-amazon.com/images/I/51LzUkq8wwL._AC_UL320_.jpg, ,87
LensCoat® for The Nikon Z 70-200mm f/2.8 VR S,https://m.media-amazon.com/images/I/61rfJr9wiCL._AC_UL320_.jpg, ,103
LensCoat® for The Nikon Z 100-400mm f/4.5-5.6 VR S,https://m.media-amazon.com/images/I/51RqPxqxtgL._AC_UL320_.jpg, ,84
LensCoat® for The Nikon Z 70-200mm f/2.8 VR S,https://m.media-amazon.com/images/I/51vBECWjHqL._AC_UL320_.jpg, ,98
LensCoat® for The Nikon Z 70-200mm f/2.8 VR S,https://m.media-amazon.com/images/I/61acD2qIyML._AC_UL320_.jpg, ,98
LensCoat® for The Nikon Z 100-400mm f/4.5-5.6 VR S,https://m.media-amazon.com/images/I/610v-2HezSL._AC_UL320_.jpg, ,95
LensCoat® for The Canon 100-500 f/4-7.1 L is,https://m.media-amazon.com/images/I/51JmJemQYKL._AC_UL320_.jpg, ,95
LensCoat® for The Canon 100-500 f/4-7.1 L is,https://m.media-amazon.com/images/I/41LoIDAfBZL._AC_UL320_.jpg, ,87
LensCoat® for The Canon 100-500 f/4-7.1 L is,https://m.media-amazon.com/images/I/51OMr8eS0GL._AC_UL320_.jpg, ,98
LensCoat® for The Canon 100-500 f/4-7.1 L is,https://m.media-amazon.com/images/I/51u8ZDcER7L._AC_UL320_.jpg, ,84
CTP 2968060 GP-Pressure Sensor; Models 120K/120K 2/12K/12M/140K/140K 2/140M/140M 2/160K/160M/160M 2/2290/2390/2391/2491/2590/324D/324D FM/324D FM LL/324D L/324D LN/325D/325D FM/325D FM LL CAT,https://m.media-amazon.com/images/I/01RmK+J4pJL._AC_UL320_.gif, ,53
CTP 1982713 Engine Harness for Models 120K/12K/140G/140K/140K 2/140M/160K/324D/324D FM/324D FM LL/324D L/324D LN/325D/325D FM/325D FM LL/325D L/325D MH/328D LCR/329D Caterpillar,https://m.media-amazon.com/images/I/01RmK+J4pJL._AC_UL320_.gif, ,577
Surfing Skating Shoot Surf Dummy Bite Mount for GoPro Hero 4/3+/3/2/1 Camera Durable,https://m.media-amazon.com/images/I/619xL4t315L._AC_UL320_.jpg, ,15
ULKEME Teeth Braces Holder Surfing Underwater Camera Mouth Mount for GoPro Hero 6/5/4/3,https://m.media-amazon.com/images/I/51nrYwKYMTL._AC_UL320_.jpg, ,21
MaximalPower for Gopro Hero 5 HERO5 Waterproof Housing Protective Case Underwater Diving + Free Screen Protector,https://m.media-amazon.com/images/I/713tOsixt7L._AC_UL320_.jpg, ,17
"Tribrid Dvr, 16 Channel Turbohd/Analog, Auto-Detect, H.264, 1080P Real-Time +",https://m.media-amazon.com/images/I/31sfe04knmL._AC_UL320_.jpg, ,"4,509"
"Hikvision DS-9016HQHI-SH-1TB TRIBRID DVR, 16 Channel TURBOHD/Analog, AUTO-DETECT,, H.264, 1080P Real-TIME +",https://m.media-amazon.com/images/I/51pF4QAnWLL._AC_UL320_.jpg, ,"1,576"
Silicon Valley Imaging Corp 8800-yellow Waterproof Digital Camera (Body Only),https://m.media-amazon.com/images/I/81FZ4hUdFsL._AC_UL320_.jpg, ,64
Ewa-Marine EM VMW 2 Underwater Housing with Optical Glass Front Port (Clear),https://m.media-amazon.com/images/I/61rz4nGlHGL._AC_UL320_.jpg, ,849
Ewa-Marine EM VPX Professional Underwater Housing with Optical Glass Front Port (Clear),https://m.media-amazon.com/images/I/61yz0uz0SNL._AC_UL320_.jpg, ,859
Ikelite 6116.11 Underwater Housing for Sony Cybershot RX100 II (DSC-RX100M2/B),https://m.media-amazon.com/images/I/71pfb4+MDEL._AC_UL320_.jpg,(7),479
"Ikelite 6170.25 Underwater Camera Housing, Clear",https://m.media-amazon.com/images/I/71KqsH4JZ+L._AC_UL320_.jpg, ,451
Ewa-Marine EM VLB Underwater Camera Case (Clear),https://m.media-amazon.com/images/I/41SXuTCk6qL._AC_UL320_.jpg, ,435
Ewa-Marine EM VEX-3 Underwater Camera Case (Clear),https://m.media-amazon.com/images/I/51jxg16iQpS._AC_UL320_.jpg, ,"1,125"
Ewa-Marine EM VFS-7 Underwater Camera Case (Clear),https://m.media-amazon.com/images/I/61ddRiFzJ6L._AC_UL320_.jpg, ,689
"Ikelite 6282.35 Underwater Camera Housing, Clear",https://m.media-amazon.com/images/I/81sqzeneQuL._AC_UL320_.jpg,(2),223
Ewa-Marine EM VXF 3 Underwater Video Housing (Clear),https://m.media-amazon.com/images/I/61jLH9SRLQL._AC_UL320_.jpg, ,899
Ewa-Marine EM VEX 1 Underwater Video Housing (Clear),https://m.media-amazon.com/images/I/611f3A2sMiL._AC_UL320_.jpg, ,795
Polaroid Dive Rated Waterproof Underwater Housing Case For Nikon J1 Digital Camera WITH A 10mm Lens,https://m.media-amazon.com/images/I/61JA0jelZHL._AC_UL320_.jpg, ,138
"Ikelite Underwater Camera Housing, Clear (628262)",https://m.media-amazon.com/images/I/516BW4GayHL._AC_UL320_.jpg, ,260
Sumner 780233 Sm 780233 Housing',https://m.media-amazon.com/images/I/41iHY+Cn08L._AC_UL320_.jpg, ,192
"Polaroid Dive-Rated Waterproof Camera Housing - Protects Virtually Any Ultra Compact ""FIXED"" Lens Camera",https://m.media-amazon.com/images/I/61rSRP4zRGL._AC_UL320_.jpg,(8),9
Ewa-Marine EM D-CG7 Underwater Housing (Clear),https://m.media-amazon.com/images/I/51uRcT1tPeL._AC_UL320_.jpg, ,199
Ikelite Underwater Camera Housing for Olympus Tough 8010 (mju 8010) Digital Cameras,https://m.media-amazon.com/images/I/51nr7XaH-WL._AC_UL320_.jpg,(6),269
Fantasea FS-710 1171 Waterproof Camera Housing for Nikon Coolpix S710 Camera,https://m.media-amazon.com/images/I/41hBQskvj5L._AC_UL320_.jpg, ,210
Fantasea FP-5000 1117 Waterproof Camera Housing for Nikon Coolpix P5000 and 51000 Cameras,https://m.media-amazon.com/images/I/51y8wyZcRIL._AC_UL320_.jpg, ,173
Ewa-Marine EM 3D-L Digital Camera Housing with Optical Glass Front Port (Clear),https://m.media-amazon.com/images/I/61ucOU7oCeL._AC_UL320_.jpg, ,195
Ewa-Marine EM U-BF Underwater Housing for DSLR Cameras (Clear),https://m.media-amazon.com/images/I/61i+XrXOCPL._AC_UL320_.jpg, ,469
Ewa-Marine EM VVC Underwater Camcorder Case (Clear),https://m.media-amazon.com/images/I/31GAw45822L._AC_UL320_.jpg, ,239
Professional Network Camera Housing,https://m.media-amazon.com/images/I/31gA51mP+fL._AC_UL320_.jpg,(3),44
Ewa-Marine EM VDS Under-Water Camcorder Cases for Photography and Video Equipments (Clear),https://m.media-amazon.com/images/I/31M4NI6eVBL._AC_UL320_.jpg, ,419
